,maxtempC,mintempC,uvIndex,DewPointC,FeelsLikeC,HeatIndexC,WindChillC,WindGustKmph,cloudcover,humidity,precipMM,pressure,tempC,visibility,winddirDegree,windspeedKmph
count,96432.0,96432.0,96432.0,96432.0,96432.0,96432.0,96432.0,96432.0,96432.0,96432.0,96432.0,96432.0,96432.0,96432.0,96432.0,96432.0
mean,30.761075161772027,24.917869586859133,4.289831176372989,21.774618383938943,32.8195412311266,32.873776339804216,29.097809855649576,16.41714368674299,24.85659324705492,66.70891405342626,0.15227828936452628,1009.3995665339306,27.528413804546208,9.748247469719596,213.20688153310104,11.799973037995686
std,2.196360691583779,2.471195504406038,3.0774358154441668,3.854042299212598,4.554668574425418,4.465166630068157,2.879103586073092,10.169944795668522,28.98720275522348,15.997021951659455,0.5861894962358702,3.750589479693827,2.8891436951705054,1.0770004353296945,98.70371984269946,6.03432941271417
min,24.0,17.0,1.0,1.0,17.0,18.0,17.0,0.0,0.0,20.0,0.0,996.0,0.0,2.0,0.0,0.0
25%,29.0,23.0,1.0,19.0,30.0,30.0,27.0,10.0,1.0,54.0,0.0,1007.0,26.0,10.0,147.0,8.0
50%,31.0,25.0,6.0,23.0,32.0,32.0,29.0,14.0,9.0,68.0,0.0,1010.0,27.0,10.0,240.0,11.0
75%,32.0,27.0,7.0,25.0,35.0,35.0,31.0,20.0,47.0,81.0,0.0,1012.0,29.0,10.0,288.0,15.0
max,38.0,31.0,9.0,31.0,58.0,58.0,43.0,85.0,100.0,96.0,22.5,1020.0,38.0,20.0,360.0,47.0
